School Name,School Website
MetroWest School of Mathematics,www.metrowestschool.com
Maine Coast Waldorf School,https://www.mainecoastwaldorf.org/
St. Francis School,https://www.stfrancis-school.org/
Nova Southeastern University Inc.,https://www.uschool.nova.edu/
Aspen Country Day School,https://aspencountryday.org/
"Bi-Cultural Hebrew Academy of Connecticut, Inc.",www.bchacademy.org
St Martin of Tours Elementary School,https://smtschool.net/
Elizabeth Seton High School United States Catholic Conference,https://www.setonhs.org/
The Roman Catholic Church of the Archdiocese of New Orleans dba St. Scholastica Academy,https://www.ssacad.org/
San Marcos Baptist Academy,https://www.smabears.org/
Hartfield Academy Inc,http://www.hartfieldacademy.com
Nantucket Lighthouse School Inc,nantucketlighthouseschool.com
The Watershed School,https://www.watershedschool.org/
Saint John Lutheran Church,https://stjohnocala.org/
St. Anthony High School College Preparatory,longbeachsaints.org
Afton Christian School,https://acstrailblazers.com/
Life Assembly of God Inc dba Life Christian Academy,https://lifechristianacademy.us/
East Cooper Baptist Church dba Palmetto Christian Academy,https://www.palmettochristianacademy.org/
St Vincent Martyr School,https://www.svmsnj.org/
Western Heights Christian,https://www.westernheightsabq.org/
Asheville Catholic School,https://www.ashevillecatholic.org/
Apple Blossom School and Family Center,https://www.appleblossomschool.org/
St John School,https://www.sjbcatholicschoolredbud.org/
Our Lady of Mt Carmel,https://olmcedu.org/
Jacksonville Jewish Center dba Galinsky Academy,https://www.dubowgottlieb.org/
SOUTHERN NEW HAMPSHIRE MONTESSORI ACADEMY,https://snhec.org/
Marcus Garvey School,https://mgsla.org/
Charlotte Adventist Christian Academy,https://www.adventistchristianacademy.org/
"Strickland School, LLC.",http://www.stricklandschool.com
Redeemer Classical Christian School dba Redeemer Classical Christian School,https://rccs.org/
Muslim Community Center of Memphis Inc,https://www.pleasantviewschool.com/
Averroes High School,https://www.averroeshighschool.com/
St. Cajetan Parish dba St. Cajetan Elementary School,https://www.stcajetanschool.org:443/
American Opinion Foundation Inc. DBA FreedomProject Academy,http://www.americanopinionfoundation.org
"Pine Grove School, Inc.",https://www.pinegrovecenter.com/
"Fulton Science Academy Private School, Inc.",https://fultonscienceacademy.org/
Lumen Christi High School,https://www.lumenchristiak.com/
Islamic Society of East Bay dba Peace Terrace Academy,https://peaceterrace.org/
"Divine Savior Academy, Inc",https://www.dslca.org
St Norbert School,https://www.stnorbertschool.org/
St Marianne School,https://www.stmariana.org/17501.html
Bethesda Lutheran School,http://www.bethesdaschool.com
Nativity Catholic School,https://www.nativitybruins.org/
Grand Rapids Adventist Academy,https://www.graa.com/
Trinity Lutheran Church,https://www.trinitysheboygan.org
La Escuelita Inc,https://www.laescuelitanyc.org
Anchorage Jr. Academy,https://www.anchoragejunioracademy.com
St. Benedict Elementary Inc.,https://www.stbenedictelementary.com
Cross Of Glory Lutheran Church,https://www.cross-of-glory.net/
CHARLIE KEYAN ARMENIAN COMMUNITY  SCHOOL,https://www.ckacs.org
St. Marys of Medford Inc.,https://www.smschool.us
"Yavneh Day School Association, Inc. dba Rockwern Academy",https://www.ROCKWERNACADEMY.ORG
"TRINITY EPISCOPAL CHURCH, VERO BEACH, FLORIDA",https://www.trinityvero.org
Milkyway Education Center Inc dba Pioneer Academy of Science,https://www.pioneeracademy.org/
Christian Life School Foundation Inc.,https://kclsed.org/
21st Century Ministries dba Inspiration Academy,https://www.inspirationacademy.com/
"Pinnacle Academy, Inc.",https://thepinnacleacademy.com/
Turkish American Society Inc dba Science Academy Of Chicago,https://www.saoc.org
Good Shepherd Lutheran Church dba Good Shepherd Lutheran School,https://www.goodshep.com
Rise School of Corpus Christi Inc,http://risecorpuschristi.org
Mt. Mansfield Ski Club & Academy Inc.,https://www.mmsca.org
"Metropolitan International Centner Academy, LLC - Preschool",https://www.centneracademy.com
Middle Creek Academy Inc,https://www.middlecreekmontessori.org
Owasso Preparatory Academy,https://www.owassoprep.org/
Valley Beth Shalom,https://www.vbsds.org
Hellenic Orthodox Community of Astoria St Demetrios School,https://www.sdprep.org
Redwood Literacy,https://www.redwoodliteracy.com
Legacy Secondary Schools Inc.,http://www.legacy-christian.com
Sandpoint Community Christian School,https://www.sandpointchristian.com
Emerald School of Excellence,https://emeraldschool.org/
Broadway Presbyterian Church of the City of NY,https://www.bpcnyc.org
New School,https://www.www.tnsk.org
Northshore Christian Church dba Northshore Christian Academy,https://www.nca.school
Newark Center for Creative Learning Inc,https://www.ncclschool.org/
Christ Lutheran Church in North St Paul & Hugo,https://www.school.christlutheran.us
Calvary Chapel Fellowship of Melbourne Inc.,https://www.calvaryccm.com
Eastbrook Academy,https://eastbrookacademy.org/
Our School,https://www.gigharboracademy.org/
Christian Leadership Academy,https://www.bloomfieldchristian.com
Texas Christian University dba Starpoint School,https://starpoint.tcu.edu/
St. John Greek Orthodox Church,https://www.stjohnthebaptistgoc.org
Peachtree Presbyterian Pre-School,https://peachtreepresbyterianpreschool.org/
Magellan School,https://www.www.magellanschool.org
Minnesota Waldorf School,http://www.mnwaldorf.org
Little Oak Children's House,https://www.littleoakmontessori.com
Trinity Schools Inc dba Greenlawn,https://trinityschools.org/
"Greater Raleigh Area Christian Education, Inc. dba GRACE Christian School",https://www.gracechristian.net/
Pioneer Valley Waldorf School Association Inc. dba The Hartsbrook School,https://www.hartsbrook.org
Montessori Childrens Center Inc,https://www.wsmontessori.org
Saint Peter Lutheran Church dba St. Peter Lutheran School,https://www.stpeterlcms.org:443/
Twelve Stones Classical School,https://twelvestonescs.org/
Springdale Preparatory School LLC,https://springdaleprep.org/
Divine Savior Academy - Delray Inc dba Delray Beach,https://divinesavioracademy.com/delraybeach/
Our Savior Lutheran Church,https://www.oursaviorlansingschool.org
The Tenney School Inc,https://www.tenneyschool.com
Weston Christian Academy,http://www.westonchristianacademy.org
The Saint Constantine School dba The Saint Constantine School - Pittsburgh,https://pittsburgh.saintconstantine.org/
Rockford Christian Education Association,http://rockfordchristian.org/
"Ware Academy, Inc",https://www.wareacademy.org/
Lutheran High School Association of Southern California dba Concordia Schools,https://www.concordiaschoolsla.org/
Geneva Classical Inc,https://www.genevaschooloc.org
Lowcountry Day School Inc. DBA Lowcountry Preparatory School,https://lowcountryprep.org/
St. Elizabeths School,https://www.stelizabethsdenver.org
Anjuman E Haideri Istna Ashi Shia Muslim Assoc of Greater Houston,https://www.alhadi.com
Westwood School Corp,https://www.westwoodschool.org
"Montessori Academy of New Jersey, Inc.",http://www.manj.org
Centre County Christian Academy,https://www.cccacademy.org/
Cornerstone Academy Inc DBA Lakeway Christian Schools - Tri-Cities Region,https://www.lcstn.org/
Cornerstone Academy Inc Dba Lakeway Christian Schools,https://www.lcstn.org/
Orthodox School of Dallas dba Saint Constantine School Dallas,https://www.saintconstantine.org/
Heritage Christian Academy Inc.,https://www.hcakc.org
"Classical School of New Braunfels, Inc",https://www.tcsnb.org/
St. Clement's Parish School,https://www.stclements.org/
Duchesne Academy of the Sacred Heart,https://www.duchesne.org/
St. John's Preparatory School,https://sjprep.net/
Vacaville Christian Schools,http://GO-VCS.COM
Collegedale Academy,https://www.gcss.org/welcome-to-ca/
Calvary Baptist Temple DBA Calvary Day School,https://www.calvarydayschool.com/
Westbury Friends School,https://www.westburyfriends.org/
St. Joseph High School,http://www.sjschool.com
Evangel Christian Academy,https://www.evangelacademy.com
Oakland School,https://www.oaklandschool.net
BZAEDS,https://www.bernardzell.org/
St. Rose of Lima School,https://strosebhm.org/
St Francis Xavier School,https://www.saintsjfx.org/
Frassati Catholic High School,https://www.frassaticatholic.org/
Providence Montessori School,http://www.providencemontessoriky.org/
Rawson Saunders School,https://www.www.rawsonsaunders.org
St. Barnabas Episcopal School,https://www.sbesyes.org/
Wright Christian Academy,https://www.wrightchristianacademy.com/
St Jude the Apostle School,http://STJUDESCHOOL.ORG
Hope Christian Academy,https://www.hopechristianacademy.org/
Enrichment Institute,https://www.ashleyacademy.com
Hope Christian School,https://www.hopelcs.org/school
Northwest Christian School Assoc,https://ncsnj.org/
St Pauls First Lutheran School,https://www.northhollywoodchristian.org/
St James School,https://www.stjamesschoolah.org/wp-content/cache/all/index.html
St Philip the Apostle School,https://www.stphilipprep.com
ST. GREGORY BARBARIGO,https://stgregorysschool.org/
Glenwood Country Elementary School,https://www.glenwoodacademy.com
St Johns Lutheran,https://www.stjohnslombard.org/
Montessori School at Holy Rosary dba Cleveland Montessori School,http://montessori-holyrosary.org
Catholic School Region of Staten Island dba St Joseph Grade School,https://www.stjosephschooltosa.com
St Emily,https://www.stemilyschool.org
St John of the Cross School,https://www.stjohnofthecross.org/school/
Evangelical Lutheran Church in America,https://www.rivierahall.org
St Stephens Episcopal School,https://ststephenswimberley.org/
Diocese of San Bernardino Education Welfare Corporation dba St Theresa Elementary School,https://www.stsps.org
The Gordon Schools of Beth David Congregation dba Beth David Congregation,https://www.bethdavidmiami.org
St Benedict Catholic School,https://www.stbenedictatchison.org/school
Children's Learning Center at Morningside  Heights,https://www.clcnyc.com
St Theresa Catholic Church dba St Theresa Elementary School,https://www.sttheresaschool.com/
St Rose of Lima dba St Rose Elementary School,https://www.saintroseonline.org/school
Trinity Lutheran Church dba Trinity Lutheran School,http://www.trinitynn.com/
Courtyard Private School,https://courtyard.org/
Holy Trinity Catholic Parish,https://www.myholytrinityschool.com
Mountain View Lutheran Church of Las Vegas,https://www.mvlcs.org
St Patrick Parish Robertsdale dba St Patrick School,https://www.school.stpatcatholic.com
St. Paul's Evangelical Lutheran Church dba St. Paul Lutheran School,https://www.stpaulsjanesville.com/school
St. John's Lutheran School,https://www.stjohns-school-elgin.org
Family Annex Inc,https://www.familyannex.org
Trinity Classical School,https://www.trinityclassical.org
Krouzian Zekarian Vasbouragan Armenian School,https://www.kzv.org/
St Thomas More,https://www.stmkcschool.org
Hardingville Bible Church Dba Gloucester County Christian School,https://www.gccs.co/
